"","GEOGRAPHY_CODE","CELL_NAME","CELL_CODE","CELL_TYPE","MEASURES_NAME","OBS_VALUE"
"1","E01004307","All categories: Method of travel to work","QS701EW0001","Method of Travel to Work","Value",2031
"2","E01004307","All categories: Method of travel to work","QS701EW0001","Method of Travel to Work","Percent",100
"3","E01004307","Work mainly at or from home","QS701EW0002","Method of Travel to Work","Value",88
"4","E01004307","Work mainly at or from home","QS701EW0002","Method of Travel to Work","Percent",4.3
"5","E01004307","Underground, metro, light rail, tram","QS701EW0003","Method of Travel to Work","Value",350
"6","E01004307","Underground, metro, light rail, tram","QS701EW0003","Method of Travel to Work","Percent",17.2
"7","E01004307","Train","QS701EW0004","Method of Travel to Work","Value",53
"8","E01004307","Train","QS701EW0004","Method of Travel to Work","Percent",2.6
"9","E01004307","Bus, minibus or coach","QS701EW0005","Method of Travel to Work","Value",144
"10","E01004307","Bus, minibus or coach","QS701EW0005","Method of Travel to Work","Percent",7.1
"11","E01004307","Taxi","QS701EW0006","Method of Travel to Work","Value",11
"12","E01004307","Taxi","QS701EW0006","Method of Travel to Work","Percent",0.5
"13","E01004307","Motorcycle, scooter or moped","QS701EW0007","Method of Travel to Work","Value",9
"14","E01004307","Motorcycle, scooter or moped","QS701EW0007","Method of Travel to Work","Percent",0.4
"15","E01004307","Driving a car or van","QS701EW0008","Method of Travel to Work","Value",44
"16","E01004307","Driving a car or van","QS701EW0008","Method of Travel to Work","Percent",2.2
"17","E01004307","Passenger in a car or van","QS701EW0009","Method of Travel to Work","Value",5
"18","E01004307","Passenger in a car or van","QS701EW0009","Method of Travel to Work","Percent",0.2
"19","E01004307","Bicycle","QS701EW0010","Method of Travel to Work","Value",96
"20","E01004307","Bicycle","QS701EW0010","Method of Travel to Work","Percent",4.7
"21","E01004307","On foot","QS701EW0011","Method of Travel to Work","Value",557
"22","E01004307","On foot","QS701EW0011","Method of Travel to Work","Percent",27.4
"23","E01004307","Other method of travel to work","QS701EW0012","Method of Travel to Work","Value",10
"24","E01004307","Other method of travel to work","QS701EW0012","Method of Travel to Work","Percent",0.5
"25","E01004307","Not in employment","QS701EW0013","Method of Travel to Work","Value",664
"26","E01004307","Not in employment","QS701EW0013","Method of Travel to Work","Percent",32.7
"27","E01004307","All categories: Method of travel to work","QS701EW0001","Method of Travel to Work","Value",0
"28","E01004307","All categories: Method of travel to work","QS701EW0001","Method of Travel to Work","Percent",NA
"29","E01004307","Work mainly at or from home","QS701EW0002","Method of Travel to Work","Value",0
"30","E01004307","Work mainly at or from home","QS701EW0002","Method of Travel to Work","Percent",NA
"31","E01004307","Underground, metro, light rail, tram","QS701EW0003","Method of Travel to Work","Value",0
"32","E01004307","Underground, metro, light rail, tram","QS701EW0003","Method of Travel to Work","Percent",NA
"33","E01004307","Train","QS701EW0004","Method of Travel to Work","Value",0
"34","E01004307","Train","QS701EW0004","Method of Travel to Work","Percent",NA
"35","E01004307","Bus, minibus or coach","QS701EW0005","Method of Travel to Work","Value",0
"36","E01004307","Bus, minibus or coach","QS701EW0005","Method of Travel to Work","Percent",NA
"37","E01004307","Taxi","QS701EW0006","Method of Travel to Work","Value",0
"38","E01004307","Taxi","QS701EW0006","Method of Travel to Work","Percent",NA
"39","E01004307","Motorcycle, scooter or moped","QS701EW0007","Method of Travel to Work","Value",0
"40","E01004307","Motorcycle, scooter or moped","QS701EW0007","Method of Travel to Work","Percent",NA
"41","E01004307","Driving a car or van","QS701EW0008","Method of Travel to Work","Value",0
"42","E01004307","Driving a car or van","QS701EW0008","Method of Travel to Work","Percent",NA
"43","E01004307","Passenger in a car or van","QS701EW0009","Method of Travel to Work","Value",0
"44","E01004307","Passenger in a car or van","QS701EW0009","Method of Travel to Work","Percent",NA
"45","E01004307","Bicycle","QS701EW0010","Method of Travel to Work","Value",0
"46","E01004307","Bicycle","QS701EW0010","Method of Travel to Work","Percent",NA
"47","E01004307","On foot","QS701EW0011","Method of Travel to Work","Value",0
"48","E01004307","On foot","QS701EW0011","Method of Travel to Work","Percent",NA
"49","E01004307","Other method of travel to work","QS701EW0012","Method of Travel to Work","Value",0
"50","E01004307","Other method of travel to work","QS701EW0012","Method of Travel to Work","Percent",NA
"51","E01004307","Not in employment","QS701EW0013","Method of Travel to Work","Value",0
"52","E01004307","Not in employment","QS701EW0013","Method of Travel to Work","Percent",NA
"53","E01000001","All categories: Method of travel to work","QS701EW0001","Method of Travel to Work","Value",1221
"54","E01000001","All categories: Method of travel to work","QS701EW0001","Method of Travel to Work","Percent",100
"55","E01000001","Work mainly at or from home","QS701EW0002","Method of Travel to Work","Value",113
"56","E01000001","Work mainly at or from home","QS701EW0002","Method of Travel to Work","Percent",9.3
"57","E01000001","Underground, metro, light rail, tram","QS701EW0003","Method of Travel to Work","Value",190
"58","E01000001","Underground, metro, light rail, tram","QS701EW0003","Method of Travel to Work","Percent",15.6
"59","E01000001","Train","QS701EW0004","Method of Travel to Work","Value",37
"60","E01000001","Train","QS701EW0004","Method of Travel to Work","Percent",3
"61","E01000001","Bus, minibus or coach","QS701EW0005","Method of Travel to Work","Value",33
"62","E01000001","Bus, minibus or coach","QS701EW0005","Method of Travel to Work","Percent",2.7
"63","E01000001","Taxi","QS701EW0006","Method of Travel to Work","Value",10
"64","E01000001","Taxi","QS701EW0006","Method of Travel to Work","Percent",0.8
"65","E01000001","Motorcycle, scooter or moped","QS701EW0007","Method of Travel to Work","Value",5
"66","E01000001","Motorcycle, scooter or moped","QS701EW0007","Method of Travel to Work","Percent",0.4
"67","E01000001","Driving a car or van","QS701EW0008","Method of Travel to Work","Value",28
"68","E01000001","Driving a car or van","QS701EW0008","Method of Travel to Work","Percent",2.3
"69","E01000001","Passenger in a car or van","QS701EW0009","Method of Travel to Work","Value",4
"70","E01000001","Passenger in a car or van","QS701EW0009","Method of Travel to Work","Percent",0.3
"71","E01000001","Bicycle","QS701EW0010","Method of Travel to Work","Value",47
"72","E01000001","Bicycle","QS701EW0010","Method of Travel to Work","Percent",3.8
"73","E01000001","On foot","QS701EW0011","Method of Travel to Work","Value",445
"74","E01000001","On foot","QS701EW0011","Method of Travel to Work","Percent",36.4
"75","E01000001","Other method of travel to work","QS701EW0012","Method of Travel to Work","Value",14
"76","E01000001","Other method of travel to work","QS701EW0012","Method of Travel to Work","Percent",1.1
"77","E01000001","Not in employment","QS701EW0013","Method of Travel to Work","Value",295
"78","E01000001","Not in employment","QS701EW0013","Method of Travel to Work","Percent",24.2
"79","E01000001","All categories: Method of travel to work","QS701EW0001","Method of Travel to Work","Value",0
"80","E01000001","All categories: Method of travel to work","QS701EW0001","Method of Travel to Work","Percent",NA
"81","E01000001","Work mainly at or from home","QS701EW0002","Method of Travel to Work","Value",0
"82","E01000001","Work mainly at or from home","QS701EW0002","Method of Travel to Work","Percent",NA
"83","E01000001","Underground, metro, light rail, tram","QS701EW0003","Method of Travel to Work","Value",0
"84","E01000001","Underground, metro, light rail, tram","QS701EW0003","Method of Travel to Work","Percent",NA
"85","E01000001","Train","QS701EW0004","Method of Travel to Work","Value",0
"86","E01000001","Train","QS701EW0004","Method of Travel to Work","Percent",NA
"87","E01000001","Bus, minibus or coach","QS701EW0005","Method of Travel to Work","Value",0
"88","E01000001","Bus, minibus or coach","QS701EW0005","Method of Travel to Work","Percent",NA
"89","E01000001","Taxi","QS701EW0006","Method of Travel to Work","Value",0
"90","E01000001","Taxi","QS701EW0006","Method of Travel to Work","Percent",NA
"91","E01000001","Motorcycle, scooter or moped","QS701EW0007","Method of Travel to Work","Value",0
"92","E01000001","Motorcycle, scooter or moped","QS701EW0007","Method of Travel to Work","Percent",NA
"93","E01000001","Driving a car or van","QS701EW0008","Method of Travel to Work","Value",0
"94","E01000001","Driving a car or van","QS701EW0008","Method of Travel to Work","Percent",NA
"95","E01000001","Passenger in a car or van","QS701EW0009","Method of Travel to Work","Value",0
"96","E01000001","Passenger in a car or van","QS701EW0009","Method of Travel to Work","Percent",NA
"97","E01000001","Bicycle","QS701EW0010","Method of Travel to Work","Value",0
"98","E01000001","Bicycle","QS701EW0010","Method of Travel to Work","Percent",NA
"99","E01000001","On foot","QS701EW0011","Method of Travel to Work","Value",0
"100","E01000001","On foot","QS701EW0011","Method of Travel to Work","Percent",NA
"101","E01000001","Other method of travel to work","QS701EW0012","Method of Travel to Work","Value",0
"102","E01000001","Other method of travel to work","QS701EW0012","Method of Travel to Work","Percent",NA
"103","E01000001","Not in employment","QS701EW0013","Method of Travel to Work","Value",0
"104","E01000001","Not in employment","QS701EW0013","Method of Travel to Work","Percent",NA
"105","E01033490","All categories: Method of travel to work","QS701EW0001","Method of Travel to Work","Value",1463
"106","E01033490","All categories: Method of travel to work","QS701EW0001","Method of Travel to Work","Percent",100
"107","E01033490","Work mainly at or from home","QS701EW0002","Method of Travel to Work","Value",35
"108","E01033490","Work mainly at or from home","QS701EW0002","Method of Travel to Work","Percent",2.4
"109","E01033490","Underground, metro, light rail, tram","QS701EW0003","Method of Travel to Work","Value",122
"110","E01033490","Underground, metro, light rail, tram","QS701EW0003","Method of Travel to Work","Percent",8.3
"111","E01033490","Train","QS701EW0004","Method of Travel to Work","Value",20
"112","E01033490","Train","QS701EW0004","Method of Travel to Work","Percent",1.4
"113","E01033490","Bus, minibus or coach","QS701EW0005","Method of Travel to Work","Value",103
"114","E01033490","Bus, minibus or coach","QS701EW0005","Method of Travel to Work","Percent",7
"115","E01033490","Taxi","QS701EW0006","Method of Travel to Work","Value",10
"116","E01033490","Taxi","QS701EW0006","Method of Travel to Work","Percent",0.7
"117","E01033490","Motorcycle, scooter or moped","QS701EW0007","Method of Travel to Work","Value",4
"118","E01033490","Motorcycle, scooter or moped","QS701EW0007","Method of Travel to Work","Percent",0.3
"119","E01033490","Driving a car or van","QS701EW0008","Method of Travel to Work","Value",39
"120","E01033490","Driving a car or van","QS701EW0008","Method of Travel to Work","Percent",2.7
"121","E01033490","Passenger in a car or van","QS701EW0009","Method of Travel to Work","Value",2
"122","E01033490","Passenger in a car or van","QS701EW0009","Method of Travel to Work","Percent",0.1
"123","E01033490","Bicycle","QS701EW0010","Method of Travel to Work","Value",51
"124","E01033490","Bicycle","QS701EW0010","Method of Travel to Work","Percent",3.5
"125","E01033490","On foot","QS701EW0011","Method of Travel to Work","Value",328
"126","E01033490","On foot","QS701EW0011","Method of Travel to Work","Percent",22.4
"127","E01033490","Other method of travel to work","QS701EW0012","Method of Travel to Work","Value",6
"128","E01033490","Other method of travel to work","QS701EW0012","Method of Travel to Work","Percent",0.4
"129","E01033490","Not in employment","QS701EW0013","Method of Travel to Work","Value",743
"130","E01033490","Not in employment","QS701EW0013","Method of Travel to Work","Percent",50.8
"131","E01033490","All categories: Method of travel to work","QS701EW0001","Method of Travel to Work","Value",0
"132","E01033490","All categories: Method of travel to work","QS701EW0001","Method of Travel to Work","Percent",NA
"133","E01033490","Work mainly at or from home","QS701EW0002","Method of Travel to Work","Value",0
"134","E01033490","Work mainly at or from home","QS701EW0002","Method of Travel to Work","Percent",NA
"135","E01033490","Underground, metro, light rail, tram","QS701EW0003","Method of Travel to Work","Value",0
"136","E01033490","Underground, metro, light rail, tram","QS701EW0003","Method of Travel to Work","Percent",NA
"137","E01033490","Train","QS701EW0004","Method of Travel to Work","Value",0
"138","E01033490","Train","QS701EW0004","Method of Travel to Work","Percent",NA
"139","E01033490","Bus, minibus or coach","QS701EW0005","Method of Travel to Work","Value",0
"140","E01033490","Bus, minibus or coach","QS701EW0005","Method of Travel to Work","Percent",NA
"141","E01033490","Taxi","QS701EW0006","Method of Travel to Work","Value",0
"142","E01033490","Taxi","QS701EW0006","Method of Travel to Work","Percent",NA
"143","E01033490","Motorcycle, scooter or moped","QS701EW0007","Method of Travel to Work","Value",0
"144","E01033490","Motorcycle, scooter or moped","QS701EW0007","Method of Travel to Work","Percent",NA
"145","E01033490","Driving a car or van","QS701EW0008","Method of Travel to Work","Value",0
"146","E01033490","Driving a car or van","QS701EW0008","Method of Travel to Work","Percent",NA
"147","E01033490","Passenger in a car or van","QS701EW0009","Method of Travel to Work","Value",0
"148","E01033490","Passenger in a car or van","QS701EW0009","Method of Travel to Work","Percent",NA
"149","E01033490","Bicycle","QS701EW0010","Method of Travel to Work","Value",0
"150","E01033490","Bicycle","QS701EW0010","Method of Travel to Work","Percent",NA
"151","E01033490","On foot","QS701EW0011","Method of Travel to Work","Value",0
"152","E01033490","On foot","QS701EW0011","Method of Travel to Work","Percent",NA
"153","E01033490","Other method of travel to work","QS701EW0012","Method of Travel to Work","Value",0
"154","E01033490","Other method of travel to work","QS701EW0012","Method of Travel to Work","Percent",NA
"155","E01033490","Not in employment","QS701EW0013","Method of Travel to Work","Value",0
"156","E01033490","Not in employment","QS701EW0013","Method of Travel to Work","Percent",NA
"157","E01000002","All categories: Method of travel to work","QS701EW0001","Method of Travel to Work","Value",1196
"158","E01000002","All categories: Method of travel to work","QS701EW0001","Method of Travel to Work","Percent",100
"159","E01000002","Work mainly at or from home","QS701EW0002","Method of Travel to Work","Value",98
"160","E01000002","Work mainly at or from home","QS701EW0002","Method of Travel to Work","Percent",8.2
"161","E01000002","Underground, metro, light rail, tram","QS701EW0003","Method of Travel to Work","Value",201
"162","E01000002","Underground, metro, light rail, tram","QS701EW0003","Method of Travel to Work","Percent",16.8
"163","E01000002","Train","QS701EW0004","Method of Travel to Work","Value",42
"164","E01000002","Train","QS701EW0004","Method of Travel to Work","Percent",3.5
"165","E01000002","Bus, minibus or coach","QS701EW0005","Method of Travel to Work","Value",22
"166","E01000002","Bus, minibus or coach","QS701EW0005","Method of Travel to Work","Percent",1.8
"167","E01000002","Taxi","QS701EW0006","Method of Travel to Work","Value",14
"168","E01000002","Taxi","QS701EW0006","Method of Travel to Work","Percent",1.2
"169","E01000002","Motorcycle, scooter or moped","QS701EW0007","Method of Travel to Work","Value",7
"170","E01000002","Motorcycle, scooter or moped","QS701EW0007","Method of Travel to Work","Percent",0.6
"171","E01000002","Driving a car or van","QS701EW0008","Method of Travel to Work","Value",26
"172","E01000002","Driving a car or van","QS701EW0008","Method of Travel to Work","Percent",2.2
"173","E01000002","Passenger in a car or van","QS701EW0009","Method of Travel to Work","Value",1
"174","E01000002","Passenger in a car or van","QS701EW0009","Method of Travel to Work","Percent",0.1
"175","E01000002","Bicycle","QS701EW0010","Method of Travel to Work","Value",57
"176","E01000002","Bicycle","QS701EW0010","Method of Travel to Work","Percent",4.8
"177","E01000002","On foot","QS701EW0011","Method of Travel to Work","Value",428
"178","E01000002","On foot","QS701EW0011","Method of Travel to Work","Percent",35.8
"179","E01000002","Other method of travel to work","QS701EW0012","Method of Travel to Work","Value",14
"180","E01000002","Other method of travel to work","QS701EW0012","Method of Travel to Work","Percent",1.2
"181","E01000002","Not in employment","QS701EW0013","Method of Travel to Work","Value",286
"182","E01000002","Not in employment","QS701EW0013","Method of Travel to Work","Percent",23.9
"183","E01000002","All categories: Method of travel to work","QS701EW0001","Method of Travel to Work","Value",0
"184","E01000002","All categories: Method of travel to work","QS701EW0001","Method of Travel to Work","Percent",NA
"185","E01000002","Work mainly at or from home","QS701EW0002","Method of Travel to Work","Value",0
"186","E01000002","Work mainly at or from home","QS701EW0002","Method of Travel to Work","Percent",NA
"187","E01000002","Underground, metro, light rail, tram","QS701EW0003","Method of Travel to Work","Value",0
"188","E01000002","Underground, metro, light rail, tram","QS701EW0003","Method of Travel to Work","Percent",NA
"189","E01000002","Train","QS701EW0004","Method of Travel to Work","Value",0
"190","E01000002","Train","QS701EW0004","Method of Travel to Work","Percent",NA
"191","E01000002","Bus, minibus or coach","QS701EW0005","Method of Travel to Work","Value",0
"192","E01000002","Bus, minibus or coach","QS701EW0005","Method of Travel to Work","Percent",NA
"193","E01000002","Taxi","QS701EW0006","Method of Travel to Work","Value",0
"194","E01000002","Taxi","QS701EW0006","Method of Travel to Work","Percent",NA
"195","E01000002","Motorcycle, scooter or moped","QS701EW0007","Method of Travel to Work","Value",0
"196","E01000002","Motorcycle, scooter or moped","QS701EW0007","Method of Travel to Work","Percent",NA
"197","E01000002","Driving a car or van","QS701EW0008","Method of Travel to Work","Value",0
"198","E01000002","Driving a car or van","QS701EW0008","Method of Travel to Work","Percent",NA
"199","E01000002","Passenger in a car or van","QS701EW0009","Method of Travel to Work","Value",0
"200","E01000002","Passenger in a car or van","QS701EW0009","Method of Travel to Work","Percent",NA
"201","E01000002","Bicycle","QS701EW0010","Method of Travel to Work","Value",0
"202","E01000002","Bicycle","QS701EW0010","Method of Travel to Work","Percent",NA
"203","E01000002","On foot","QS701EW0011","Method of Travel to Work","Value",0
"204","E01000002","On foot","QS701EW0011","Method of Travel to Work","Percent",NA
"205","E01000002","Other method of travel to work","QS701EW0012","Method of Travel to Work","Value",0
"206","E01000002","Other method of travel to work","QS701EW0012","Method of Travel to Work","Percent",NA
"207","E01000002","Not in employment","QS701EW0013","Method of Travel to Work","Value",0
"208","E01000002","Not in employment","QS701EW0013","Method of Travel to Work","Percent",NA
"209","E01000003","All categories: Method of travel to work","QS701EW0001","Method of Travel to Work","Value",1102
"210","E01000003","All categories: Method of travel to work","QS701EW0001","Method of Travel to Work","Percent",100
"211","E01000003","Work mainly at or from home","QS701EW0002","Method of Travel to Work","Value",57
"212","E01000003","Work mainly at or from home","QS701EW0002","Method of Travel to Work","Percent",5.2
"213","E01000003","Underground, metro, light rail, tram","QS701EW0003","Method of Travel to Work","Value",156
"214","E01000003","Underground, metro, light rail, tram","QS701EW0003","Method of Travel to Work","Percent",14.2
"215","E01000003","Train","QS701EW0004","Method of Travel to Work","Value",40
"216","E01000003","Train","QS701EW0004","Method of Travel to Work","Percent",3.6
"217","E01000003","Bus, minibus or coach","QS701EW0005","Method of Travel to Work","Value",70
"218","E01000003","Bus, minibus or coach","QS701EW0005","Method of Travel to Work","Percent",6.4
"219","E01000003","Taxi","QS701EW0006","Method of Travel to Work","Value",2
"220","E01000003","Taxi","QS701EW0006","Method of Travel to Work","Percent",0.2
"221","E01000003","Motorcycle, scooter or moped","QS701EW0007","Method of Travel to Work","Value",4
"222","E01000003","Motorcycle, scooter or moped","QS701EW0007","Method of Travel to Work","Percent",0.4
"223","E01000003","Driving a car or van","QS701EW0008","Method of Travel to Work","Value",30
"224","E01000003","Driving a car or van","QS701EW0008","Method of Travel to Work","Percent",2.7
"225","E01000003","Passenger in a car or van","QS701EW0009","Method of Travel to Work","Value",1
"226","E01000003","Passenger in a car or van","QS701EW0009","Method of Travel to Work","Percent",0.1
"227","E01000003","Bicycle","QS701EW0010","Method of Travel to Work","Value",70
"228","E01000003","Bicycle","QS701EW0010","Method of Travel to Work","Percent",6.4
"229","E01000003","On foot","QS701EW0011","Method of Travel to Work","Value",325
"230","E01000003","On foot","QS701EW0011","Method of Travel to Work","Percent",29.5
"231","E01000003","Other method of travel to work","QS701EW0012","Method of Travel to Work","Value",9
"232","E01000003","Other method of travel to work","QS701EW0012","Method of Travel to Work","Percent",0.8
"233","E01000003","Not in employment","QS701EW0013","Method of Travel to Work","Value",338
"234","E01000003","Not in employment","QS701EW0013","Method of Travel to Work","Percent",30.7
"235","E01000003","All categories: Method of travel to work","QS701EW0001","Method of Travel to Work","Value",0
"236","E01000003","All categories: Method of travel to work","QS701EW0001","Method of Travel to Work","Percent",NA
"237","E01000003","Work mainly at or from home","QS701EW0002","Method of Travel to Work","Value",0
"238","E01000003","Work mainly at or from home","QS701EW0002","Method of Travel to Work","Percent",NA
"239","E01000003","Underground, metro, light rail, tram","QS701EW0003","Method of Travel to Work","Value",0
"240","E01000003","Underground, metro, light rail, tram","QS701EW0003","Method of Travel to Work","Percent",NA
"241","E01000003","Train","QS701EW0004","Method of Travel to Work","Value",0
"242","E01000003","Train","QS701EW0004","Method of Travel to Work","Percent",NA
"243","E01000003","Bus, minibus or coach","QS701EW0005","Method of Travel to Work","Value",0
"244","E01000003","Bus, minibus or coach","QS701EW0005","Method of Travel to Work","Percent",NA
"245","E01000003","Taxi","QS701EW0006","Method of Travel to Work","Value",0
"246","E01000003","Taxi","QS701EW0006","Method of Travel to Work","Percent",NA
"247","E01000003","Motorcycle, scooter or moped","QS701EW0007","Method of Travel to Work","Value",0
"248","E01000003","Motorcycle, scooter or moped","QS701EW0007","Method of Travel to Work","Percent",NA
"249","E01000003","Driving a car or van","QS701EW0008","Method of Travel to Work","Value",0
"250","E01000003","Driving a car or van","QS701EW0008","Method of Travel to Work","Percent",NA
"251","E01000003","Passenger in a car or van","QS701EW0009","Method of Travel to Work","Value",0
"252","E01000003","Passenger in a car or van","QS701EW0009","Method of Travel to Work","Percent",NA
"253","E01000003","Bicycle","QS701EW0010","Method of Travel to Work","Value",0
"254","E01000003","Bicycle","QS701EW0010","Method of Travel to Work","Percent",NA
"255","E01000003","On foot","QS701EW0011","Method of Travel to Work","Value",0
"256","E01000003","On foot","QS701EW0011","Method of Travel to Work","Percent",NA
"257","E01000003","Other method of travel to work","QS701EW0012","Method of Travel to Work","Value",0
"258","E01000003","Other method of travel to work","QS701EW0012","Method of Travel to Work","Percent",NA
"259","E01000003","Not in employment","QS701EW0013","Method of Travel to Work","Value",0
"260","E01000003","Not in employment","QS701EW0013","Method of Travel to Work","Percent",NA
"261","E01032739","All categories: Method of travel to work","QS701EW0001","Method of Travel to Work","Value",971
"262","E01032739","All categories: Method of travel to work","QS701EW0001","Method of Travel to Work","Percent",100
"263","E01032739","Work mainly at or from home","QS701EW0002","Method of Travel to Work","Value",83
"264","E01032739","Work mainly at or from home","QS701EW0002","Method of Travel to Work","Percent",8.5
"265","E01032739","Underground, metro, light rail, tram","QS701EW0003","Method of Travel to Work","Value",140
"266","E01032739","Underground, metro, light rail, tram","QS701EW0003","Method of Travel to Work","Percent",14.4
"267","E01032739","Train","QS701EW0004","Method of Travel to Work","Value",52
"268","E01032739","Train","QS701EW0004","Method of Travel to Work","Percent",5.4
"269","E01032739","Bus, minibus or coach","QS701EW0005","Method of Travel to Work","Value",37
"270","E01032739","Bus, minibus or coach","QS701EW0005","Method of Travel to Work","Percent",3.8
"271","E01032739","Taxi","QS701EW0006","Method of Travel to Work","Value",9
"272","E01032739","Taxi","QS701EW0006","Method of Travel to Work","Percent",0.9
"273","E01032739","Motorcycle, scooter or moped","QS701EW0007","Method of Travel to Work","Value",2
"274","E01032739","Motorcycle, scooter or moped","QS701EW0007","Method of Travel to Work","Percent",0.2
"275","E01032739","Driving a car or van","QS701EW0008","Method of Travel to Work","Value",12
"276","E01032739","Driving a car or van","QS701EW0008","Method of Travel to Work","Percent",1.2
"277","E01032739","Passenger in a car or van","QS701EW0009","Method of Travel to Work","Value",1
"278","E01032739","Passenger in a car or van","QS701EW0009","Method of Travel to Work","Percent",0.1
"279","E01032739","Bicycle","QS701EW0010","Method of Travel to Work","Value",16
"280","E01032739","Bicycle","QS701EW0010","Method of Travel to Work","Percent",1.6
"281","E01032739","On foot","QS701EW0011","Method of Travel to Work","Value",453
"282","E01032739","On foot","QS701EW0011","Method of Travel to Work","Percent",46.7
"283","E01032739","Other method of travel to work","QS701EW0012","Method of Travel to Work","Value",14
"284","E01032739","Other method of travel to work","QS701EW0012","Method of Travel to Work","Percent",1.4
"285","E01032739","Not in employment","QS701EW0013","Method of Travel to Work","Value",152
"286","E01032739","Not in employment","QS701EW0013","Method of Travel to Work","Percent",15.7
"287","E01032739","All categories: Method of travel to work","QS701EW0001","Method of Travel to Work","Value",0
"288","E01032739","All categories: Method of travel to work","QS701EW0001","Method of Travel to Work","Percent",NA
"289","E01032739","Work mainly at or from home","QS701EW0002","Method of Travel to Work","Value",0
"290","E01032739","Work mainly at or from home","QS701EW0002","Method of Travel to Work","Percent",NA
"291","E01032739","Underground, metro, light rail, tram","QS701EW0003","Method of Travel to Work","Value",0
"292","E01032739","Underground, metro, light rail, tram","QS701EW0003","Method of Travel to Work","Percent",NA
"293","E01032739","Train","QS701EW0004","Method of Travel to Work","Value",0
"294","E01032739","Train","QS701EW0004","Method of Travel to Work","Percent",NA
"295","E01032739","Bus, minibus or coach","QS701EW0005","Method of Travel to Work","Value",0
"296","E01032739","Bus, minibus or coach","QS701EW0005","Method of Travel to Work","Percent",NA
"297","E01032739","Taxi","QS701EW0006","Method of Travel to Work","Value",0
"298","E01032739","Taxi","QS701EW0006","Method of Travel to Work","Percent",NA
"299","E01032739","Motorcycle, scooter or moped","QS701EW0007","Method of Travel to Work","Value",0
"300","E01032739","Motorcycle, scooter or moped","QS701EW0007","Method of Travel to Work","Percent",NA
"301","E01032739","Driving a car or van","QS701EW0008","Method of Travel to Work","Value",0
"302","E01032739","Driving a car or van","QS701EW0008","Method of Travel to Work","Percent",NA
"303","E01032739","Passenger in a car or van","QS701EW0009","Method of Travel to Work","Value",0
"304","E01032739","Passenger in a car or van","QS701EW0009","Method of Travel to Work","Percent",NA
"305","E01032739","Bicycle","QS701EW0010","Method of Travel to Work","Value",0
"306","E01032739","Bicycle","QS701EW0010","Method of Travel to Work","Percent",NA
"307","E01032739","On foot","QS701EW0011","Method of Travel to Work","Value",0
"308","E01032739","On foot","QS701EW0011","Method of Travel to Work","Percent",NA
"309","E01032739","Other method of travel to work","QS701EW0012","Method of Travel to Work","Value",0
"310","E01032739","Other method of travel to work","QS701EW0012","Method of Travel to Work","Percent",NA
"311","E01032739","Not in employment","QS701EW0013","Method of Travel to Work","Value",0
"312","E01032739","Not in employment","QS701EW0013","Method of Travel to Work","Percent",NA
"313","E01003934","All categories: Method of travel to work","QS701EW0001","Method of Travel to Work","Value",1165
"314","E01003934","All categories: Method of travel to work","QS701EW0001","Method of Travel to Work","Percent",100
"315","E01003934","Work mainly at or from home","QS701EW0002","Method of Travel to Work","Value",51
"316","E01003934","Work mainly at or from home","QS701EW0002","Method of Travel to Work","Percent",4.4
"317","E01003934","Underground, metro, light rail, tram","QS701EW0003","Method of Travel to Work","Value",171
"318","E01003934","Underground, metro, light rail, tram","QS701EW0003","Method of Travel to Work","Percent",14.7
"319","E01003934","Train","QS701EW0004","Method of Travel to Work","Value",46
"320","E01003934","Train","QS701EW0004","Method of Travel to Work","Percent",3.9
"321","E01003934","Bus, minibus or coach","QS701EW0005","Method of Travel to Work","Value",82
"322","E01003934","Bus, minibus or coach","QS701EW0005","Method of Travel to Work","Percent",7
"323","E01003934","Taxi","QS701EW0006","Method of Travel to Work","Value",11
"324","E01003934","Taxi","QS701EW0006","Method of Travel to Work","Percent",0.9
"325","E01003934","Motorcycle, scooter or moped","QS701EW0007","Method of Travel to Work","Value",6
"326","E01003934","Motorcycle, scooter or moped","QS701EW0007","Method of Travel to Work","Percent",0.5
"327","E01003934","Driving a car or van","QS701EW0008","Method of Travel to Work","Value",61
"328","E01003934","Driving a car or van","QS701EW0008","Method of Travel to Work","Percent",5.2
"329","E01003934","Passenger in a car or van","QS701EW0009","Method of Travel to Work","Value",11
"330","E01003934","Passenger in a car or van","QS701EW0009","Method of Travel to Work","Percent",0.9
"331","E01003934","Bicycle","QS701EW0010","Method of Travel to Work","Value",56
"332","E01003934","Bicycle","QS701EW0010","Method of Travel to Work","Percent",4.8
"333","E01003934","On foot","QS701EW0011","Method of Travel to Work","Value",274
"334","E01003934","On foot","QS701EW0011","Method of Travel to Work","Percent",23.5
"335","E01003934","Other method of travel to work","QS701EW0012","Method of Travel to Work","Value",14
"336","E01003934","Other method of travel to work","QS701EW0012","Method of Travel to Work","Percent",1.2
"337","E01003934","Not in employment","QS701EW0013","Method of Travel to Work","Value",382
"338","E01003934","Not in employment","QS701EW0013","Method of Travel to Work","Percent",32.8
"339","E01003934","All categories: Method of travel to work","QS701EW0001","Method of Travel to Work","Value",0
"340","E01003934","All categories: Method of travel to work","QS701EW0001","Method of Travel to Work","Percent",NA
"341","E01003934","Work mainly at or from home","QS701EW0002","Method of Travel to Work","Value",0
"342","E01003934","Work mainly at or from home","QS701EW0002","Method of Travel to Work","Percent",NA
"343","E01003934","Underground, metro, light rail, tram","QS701EW0003","Method of Travel to Work","Value",0
"344","E01003934","Underground, metro, light rail, tram","QS701EW0003","Method of Travel to Work","Percent",NA
"345","E01003934","Train","QS701EW0004","Method of Travel to Work","Value",0
"346","E01003934","Train","QS701EW0004","Method of Travel to Work","Percent",NA
"347","E01003934","Bus, minibus or coach","QS701EW0005","Method of Travel to Work","Value",0
"348","E01003934","Bus, minibus or coach","QS701EW0005","Method of Travel to Work","Percent",NA
"349","E01003934","Taxi","QS701EW0006","Method of Travel to Work","Value",0
"350","E01003934","Taxi","QS701EW0006","Method of Travel to Work","Percent",NA
"351","E01003934","Motorcycle, scooter or moped","QS701EW0007","Method of Travel to Work","Value",0
"352","E01003934","Motorcycle, scooter or moped","QS701EW0007","Method of Travel to Work","Percent",NA
"353","E01003934","Driving a car or van","QS701EW0008","Method of Travel to Work","Value",0
"354","E01003934","Driving a car or van","QS701EW0008","Method of Travel to Work","Percent",NA
"355","E01003934","Passenger in a car or van","QS701EW0009","Method of Travel to Work","Value",0
"356","E01003934","Passenger in a car or van","QS701EW0009","Method of Travel to Work","Percent",NA
"357","E01003934","Bicycle","QS701EW0010","Method of Travel to Work","Value",0
"358","E01003934","Bicycle","QS701EW0010","Method of Travel to Work","Percent",NA
"359","E01003934","On foot","QS701EW0011","Method of Travel to Work","Value",0
"360","E01003934","On foot","QS701EW0011","Method of Travel to Work","Percent",NA
"361","E01003934","Other method of travel to work","QS701EW0012","Method of Travel to Work","Value",0
"362","E01003934","Other method of travel to work","QS701EW0012","Method of Travel to Work","Percent",NA
"363","E01003934","Not in employment","QS701EW0013","Method of Travel to Work","Value",0
"364","E01003934","Not in employment","QS701EW0013","Method of Travel to Work","Percent",NA
"365","E01003935","All categories: Method of travel to work","QS701EW0001","Method of Travel to Work","Value",1168
"366","E01003935","All categories: Method of travel to work","QS701EW0001","Method of Travel to Work","Percent",100
"367","E01003935","Work mainly at or from home","QS701EW0002","Method of Travel to Work","Value",30
"368","E01003935","Work mainly at or from home","QS701EW0002","Method of Travel to Work","Percent",2.6
"369","E01003935","Underground, metro, light rail, tram","QS701EW0003","Method of Travel to Work","Value",120
"370","E01003935","Underground, metro, light rail, tram","QS701EW0003","Method of Travel to Work","Percent",10.3
"371","E01003935","Train","QS701EW0004","Method of Travel to Work","Value",40
"372","E01003935","Train","QS701EW0004","Method of Travel to Work","Percent",3.4
"373","E01003935","Bus, minibus or coach","QS701EW0005","Method of Travel to Work","Value",68
"374","E01003935","Bus, minibus or coach","QS701EW0005","Method of Travel to Work","Percent",5.8
"375","E01003935","Taxi","QS701EW0006","Method of Travel to Work","Value",11
"376","E01003935","Taxi","QS701EW0006","Method of Travel to Work","Percent",0.9
"377","E01003935","Motorcycle, scooter or moped","QS701EW0007","Method of Travel to Work","Value",5
"378","E01003935","Motorcycle, scooter or moped","QS701EW0007","Method of Travel to Work","Percent",0.4
"379","E01003935","Driving a car or van","QS701EW0008","Method of Travel to Work","Value",44
"380","E01003935","Driving a car or van","QS701EW0008","Method of Travel to Work","Percent",3.8
"381","E01003935","Passenger in a car or van","QS701EW0009","Method of Travel to Work","Value",2
"382","E01003935","Passenger in a car or van","QS701EW0009","Method of Travel to Work","Percent",0.2
"383","E01003935","Bicycle","QS701EW0010","Method of Travel to Work","Value",45
"384","E01003935","Bicycle","QS701EW0010","Method of Travel to Work","Percent",3.9
"385","E01003935","On foot","QS701EW0011","Method of Travel to Work","Value",209
"386","E01003935","On foot","QS701EW0011","Method of Travel to Work","Percent",17.9
"387","E01003935","Other method of travel to work","QS701EW0012","Method of Travel to Work","Value",5
"388","E01003935","Other method of travel to work","QS701EW0012","Method of Travel to Work","Percent",0.4
"389","E01003935","Not in employment","QS701EW0013","Method of Travel to Work","Value",589
"390","E01003935","Not in employment","QS701EW0013","Method of Travel to Work","Percent",50.4
"391","E01003935","All categories: Method of travel to work","QS701EW0001","Method of Travel to Work","Value",0
"392","E01003935","All categories: Method of travel to work","QS701EW0001","Method of Travel to Work","Percent",NA
"393","E01003935","Work mainly at or from home","QS701EW0002","Method of Travel to Work","Value",0
"394","E01003935","Work mainly at or from home","QS701EW0002","Method of Travel to Work","Percent",NA
"395","E01003935","Underground, metro, light rail, tram","QS701EW0003","Method of Travel to Work","Value",0
"396","E01003935","Underground, metro, light rail, tram","QS701EW0003","Method of Travel to Work","Percent",NA
"397","E01003935","Train","QS701EW0004","Method of Travel to Work","Value",0
"398","E01003935","Train","QS701EW0004","Method of Travel to Work","Percent",NA
"399","E01003935","Bus, minibus or coach","QS701EW0005","Method of Travel to Work","Value",0
"400","E01003935","Bus, minibus or coach","QS701EW0005","Method of Travel to Work","Percent",NA
"401","E01003935","Taxi","QS701EW0006","Method of Travel to Work","Value",0
"402","E01003935","Taxi","QS701EW0006","Method of Travel to Work","Percent",NA
"403","E01003935","Motorcycle, scooter or moped","QS701EW0007","Method of Travel to Work","Value",0
"404","E01003935","Motorcycle, scooter or moped","QS701EW0007","Method of Travel to Work","Percent",NA
"405","E01003935","Driving a car or van","QS701EW0008","Method of Travel to Work","Value",0
"406","E01003935","Driving a car or van","QS701EW0008","Method of Travel to Work","Percent",NA
"407","E01003935","Passenger in a car or van","QS701EW0009","Method of Travel to Work","Value",0
"408","E01003935","Passenger in a car or van","QS701EW0009","Method of Travel to Work","Percent",NA
"409","E01003935","Bicycle","QS701EW0010","Method of Travel to Work","Value",0
"410","E01003935","Bicycle","QS701EW0010","Method of Travel to Work","Percent",NA
"411","E01003935","On foot","QS701EW0011","Method of Travel to Work","Value",0
"412","E01003935","On foot","QS701EW0011","Method of Travel to Work","Percent",NA
"413","E01003935","Other method of travel to work","QS701EW0012","Method of Travel to Work","Value",0
"414","E01003935","Other method of travel to work","QS701EW0012","Method of Travel to Work","Percent",NA
"415","E01003935","Not in employment","QS701EW0013","Method of Travel to Work","Value",0
"416","E01003935","Not in employment","QS701EW0013","Method of Travel to Work","Percent",NA
